sku,nombre,categoria,precio_cop,stock,estado
ECO-001,Botella reutilizable,accesorios,35000,82,disponible
ECO-002,Bolsa compostable 50u,hogar,18000,140,disponible
ECO-003,Kit cubiertos bambu,cocina,42000,0,agotado
ECO-004,Shampoo solido,belleza,27000,57,disponible
ECO-005,Cepillo dental de bambu,higiene,12000,96,disponible
ECO-006,Esponja vegetal natural,hogar,9000,120,disponible
ECO-007,Detergente ecologico 1L,limpieza,29000,64,disponible
ECO-008,Termo de acero inoxidable,accesorios,68000,41,disponible
ECO-009,Velas de cera de soya 2u,hogar,26000,33,disponible
ECO-010,Cuaderno papel reciclado,oficina,15000,88,disponible
ECO-011,Toallas desmaquillantes reutilizables,belleza,24000,52,disponible
ECO-012,Filtro de agua de carbon activado,hogar,79000,27,disponible
ECO-013,Envoltorios de cera de abeja 3u,cocina,31000,49,disponible
ECO-014,Jabon biodegradable para ropa,limpieza,22000,75,disponible
ECO-015,Maceta de fibra de coco,jardineria,19000,61,disponible
ECO-016,Pitillo de acero reutilizable 4u,accesorios,16000,90,disponible
ECO-017,Bolsa reutilizable de algodon,hogar,14000,130,disponible
ECO-018,Pasta dental natural,higiene,21000,58,disponible
ECO-019,Acondicionador solido,belleza,28000,44,disponible
ECO-020,Jabon corporal vegano,belleza,19000,72,disponible
ECO-021,Limpiador multiusos ecologico,limpieza,25000,66,disponible
ECO-022,Servilletas recicladas 100u,hogar,11000,115,disponible
ECO-023,Papel higienico reciclado 6u,hogar,23000,84,disponible
ECO-024,Toalla de cocina reutilizable 2u,cocina,17000,53,disponible
ECO-025,Set de recipientes de vidrio 3u,cocina,54000,36,disponible
ECO-026,Botella de vidrio 750ml,accesorios,33000,47,disponible
ECO-027,Desodorante natural en barra,higiene,26000,39,disponible
ECO-028,Crema corporal organica,belleza,34000,28,disponible
ECO-029,Jabon para platos biodegradable,limpieza,20000,69,disponible
ECO-030,Cepillo para lavar vajilla bambu,cocina,18000,55,disponible
ECO-031,Compostera domestica 10L,jardineria,98000,18,disponible
ECO-032,Semillas de huerta organica,jardineria,12000,102,disponible
ECO-033,Sustrato organico 5kg,jardineria,27000,43,disponible
ECO-034,Guantes de jardineria reciclados,jardineria,22000,31,disponible
ECO-035,Lapices reciclados 10u,oficina,9000,140,disponible
ECO-036,Resaltadores recargables 4u,oficina,25000,46,disponible
ECO-037,Carpeta carton reciclado,oficina,13000,79,disponible
ECO-038,Agenda eco 2026,oficina,29000,26,disponible
ECO-039,Taza de bambu para cafe,accesorios,24000,67,disponible
ECO-040,Filtro de cafe reutilizable,cocina,21000,34,disponible
ECO-041,Infusor de te acero inoxidable,cocina,17000,63,disponible
ECO-042,Panales de tela reutilizables 2u,higiene,76000,22,disponible
ECO-043,Copa menstrual silicona medica,higiene,85000,17,disponible
ECO-044,Protector solar mineral,belleza,47000,25,disponible
ECO-045,Balsamo labial natural,belleza,15000,81,disponible
ECO-046,Shampoo mascota biodegradable,mascotas,32000,29,disponible
ECO-047,Bolsa compostable mascotas 60u,mascotas,19000,74,disponible
ECO-048,Juguete cuerda algodon reciclado,mascotas,21000,49,disponible
ECO-049,Comedero bambu para mascotas,mascotas,37000,21,disponible
ECO-050,Bebedero plegable silicona,mascotas,18000,57,disponible
ECO-051,Toalla microfibra reciclada,hogar,26000,38,disponible
ECO-052,Escoba plastico reciclado,limpieza,31000,33,disponible
ECO-053,Trapero de algodon reciclado,limpieza,24000,42,disponible
ECO-054,Ambientador natural citricos,hogar,23000,45,disponible
ECO-055,Pack bolsas malla frutas 5u,hogar,20000,64,disponible
ECO-056,Cepillo ropa madera,cuidado,16000,59,disponible
ECO-057,Rasuradora metal reutilizable,higiene,69000,19,disponible
ECO-058,Cuchillas acero 10u,higiene,27000,37,disponible
ECO-059,Peine bambu antiestatico,belleza,22000,41,disponible
ECO-060,Espejo bolsillo bambu,belleza,14000,76,disponible
ECO-061,Portacomidas acero 1L,cocina,52000,23,disponible
ECO-062,Cubeta silicona plegable,hogar,36000,30,disponible
ECO-063,Panos celulosa compostables 3u,limpieza,18000,68,disponible
ECO-064,Guantes limpieza biodegradables,limpieza,15000,86,disponible
ECO-065,Dispensador jabon vidrio,hogar,28000,35,disponible
ECO-066,Recarga jabon liquido eco 500ml,limpieza,17000,92,disponible
ECO-067,Kit huerta balcon,jardineria,88000,16,disponible
ECO-068,Regadera metal reciclado,jardineria,34000,24,disponible
ECO-069,Tijeras poda acero reciclado,jardineria,41000,20,disponible
ECO-070,Bolsa sustrato compost 10kg,jardineria,39000,27,disponible
ECO-071,Portatil funda fieltro reciclado,oficina,45000,32,disponible
ECO-072,Mouse pad corcho natural,oficina,19000,60,disponible
ECO-073,Soporte laptop bambu,oficina,67000,14,disponible
ECO-074,Cargador solar portatil,tecnologia,129000,11,disponible
ECO-075,Linterna solar recargable,tecnologia,56000,18,disponible
ECO-076,Pila recargable AA 4u,tecnologia,38000,50,disponible
ECO-077,Base cargador inalambrico bambu,tecnologia,72000,13,disponible
ECO-078,Audifonos madera reciclada,tecnologia,99000,9,disponible
ECO-079,Funda celular compostable,tecnologia,26000,73,disponible
ECO-080,Cable USB reciclado 1m,tecnologia,24000,65,disponible
ECO-081,Velon aromaterapia natural,bienestar,30000,28,disponible
ECO-082,Almohadilla termica semillas,bienestar,35000,22,disponible
ECO-083,Mat de yoga corcho,bienestar,95000,12,disponible
ECO-084,Bloque yoga corcho 2u,bienestar,48000,17,disponible
ECO-085,Banda resistencia latex natural,bienestar,27000,40,disponible
ECO-086,Suplemento espirulina organica,bienestar,58000,15,disponible
ECO-087,Termo kids acero 350ml,accesorios,49000,26,disponible
ECO-088,Lonchera reutilizable kids,cocina,43000,29,disponible
ECO-089,Set cepillo y peine bebe bambu,higiene,33000,34,disponible
ECO-090,Panal ecologico biodegradable 20u,higiene,42000,46,disponible
ECO-091,Detergente ropa bebe eco,limpieza,31000,39,disponible
ECO-092,Jabon manos espuma recargable,limpieza,23000,58,disponible
ECO-093,Paquete semillas flores polinizadoras,jardineria,14000,88,disponible
ECO-094,Casa insectos madera,jardineria,52000,10,disponible
ECO-095,Set cubiertos acero premium,cocina,61000,21,disponible
ECO-096,Sarten ceramica libre PFOA,cocina,145000,8,disponible
ECO-097,Olla acero reciclado 3L,cocina,159000,7,disponible
ECO-098,Pack limpieza zero waste,limpieza,84000,19,disponible
ECO-099,Kit regalo sostenible,hogar,99000,12,disponible
ECO-100,Caja suscripcion eco mensual,hogar,119000,5,disponible
